epoch,eval/knn_probe_emb_accuracy,eval/knn_probe_proj_accuracy,eval/linear_probe_emb_top1_epoch,eval/linear_probe_emb_top1_step,eval/linear_probe_emb_top5_epoch,eval/linear_probe_emb_top5_step,eval/linear_probe_proj_top1_epoch,eval/linear_probe_proj_top1_step,eval/linear_probe_proj_top5_epoch,eval/linear_probe_proj_top5_step,fit/inv_loss,fit/mag_loss,fit/reg_loss,step,train/linear_probe_emb_loss_epoch,train/linear_probe_emb_loss_step,train/linear_probe_proj_loss_epoch,train/linear_probe_proj_loss_step
0,,,,,,,,,,,,,,49,,4.641529083251953,,4.6881256103515625
0,,,,,,,,,,,,,,99,,4.6163177490234375,,4.615802764892578
0,,,,,,,,,,,,,,149,,4.588031768798828,,4.574474334716797
0,,,,,,,,,,,,,,199,,4.509878158569336,,4.526008605957031
0,,,,,,,,,,,,,,249,,4.497007369995117,,4.491966247558594
0,,,,,,,,,,,,,,299,,4.504432678222656,,4.520580291748047
0,,,,,,,,,,,,,,349,,4.523035049438477,,4.518247604370117
0,,,,,,,,,,,,,,399,,4.480510711669922,,4.4641876220703125
0,,,,,,,,,,,,,,449,,4.326484680175781,,4.326189041137695
,,,,0.002051281975582242,,0.2266666740179062,,0.0053571430034935474,,0.24000000953674316,,,,0,,,,
,,,,0.008130081929266453,,0.1711111068725586,,0.007486338727176189,,0.14388889074325562,,,,1,,,,
,,,,0.027796052396297455,,0.3171929717063904,,0.01867368444800377,,0.32294347882270813,,,,2,,,,
,,,,0.003870967775583267,,0.20027777552604675,,0.0045238095335662365,,0.26152777671813965,,,,3,,,,
,,,,0.001025640987791121,,0.029999999329447746,,0.0010169491870328784,,0.13256409764289856,,,,4,,,,
,,,,0.0,,0.03999999910593033,,0.0,,0.046666666865348816,,,,5,,,,
,,,,0.001025640987791121,,0.06333333253860474,,0.002125850412994623,,0.15142858028411865,,,,6,,,,
,,,,0.016874998807907104,,0.32208332419395447,,0.007870370522141457,,0.3854166567325592,,,,7,,,,
,,,,0.004999999888241291,,0.08571428805589676,,0.006500000134110451,,0.1014285683631897,,,,8,,,,
,,,,0.037364132702350616,,0.3873912990093231,,0.019162055104970932,,0.404927521944046,,,,9,,,,
,,,,0.002051281975582242,,0.14791667461395264,,0.003859648946672678,,0.21458333730697632,,,,10,,,,
,,,,0.0005128204938955605,,0.05875222757458687,,0.00032258062856271863,,0.028948307037353516,,,,11,,,,
,,,,0.0009920635493472219,,0.02976190485060215,,0.001428571529686451,,0.037142857909202576,,,,12,,,,
,,,,0.023465817794203758,,0.2797326147556305,,0.017466064542531967,,0.3158823549747467,,,,13,,,,
,,,,0.003687500022351742,,0.15458333492279053,,0.0002739726041909307,,0.07999999821186066,,,,14,,,,
,,,,0.007447045762091875,,0.1857970952987671,,0.0019672131165862083,,0.15362319350242615,,,,15,,,,
,,,,0.03909090906381607,,0.31285718083381653,,0.009454545564949512,,0.10571429133415222,,,,16,,,,
,,,,0.019191177561879158,,0.31805557012557983,,0.007344632875174284,,0.2212499976158142,,,,17,,,,
,,,,0.0008210180676542222,,0.049047619104385376,,0.0008112874929793179,,0.07904762029647827,,,,18,,,,
,,,,0.0006666666595265269,,0.07555555552244186,,0.0038222221191972494,,0.1711111068725586,,,,19,,,,
0,0.04659999907016754,0.04519999772310257,0.05220000073313713,,0.17180000245571136,,0.05120000243186951,,0.17980000376701355,,,,,493,,,,
0,,,,,,,,,,,0.3149601221084595,0.028978530317544937,11.712328910827637,493,4.532748222351074,,4.539646625518799,
1,,,,,,,,,,,,,,499,,4.42436408996582,,4.441986083984375
1,,,,,,,,,,,,,,549,,4.392253875732422,,4.371757507324219
1,,,,,,,,,,,,,,599,,4.397260665893555,,4.369625091552734
1,,,,,,,,,,,,,,649,,4.402275085449219,,4.322734832763672
1,,,,,,,,,,,,,,699,,4.398069381713867,,4.350889205932617
1,,,,,,,,,,,,,,749,,4.448783874511719,,4.319952011108398
1,,,,,,,,,,,,,,799,,4.30158805847168,,4.273944854736328
1,,,,,,,,,,,,,,849,,4.306467056274414,,4.236307144165039
1,,,,,,,,,,,,,,899,,4.337836265563965,,4.287412643432617
1,,,,,,,,,,,,,,949,,4.289651870727539,,4.184566497802734
,,,,0.014634146355092525,,0.24333330988883972,,0.004516128916293383,,0.20666667819023132,,,,20,,,,
,,,,0.007924527861177921,,0.21222221851348877,,0.009104477241635323,,0.18888887763023376,,,,21,,,,
,,,,0.010058479383587837,,0.23167641460895538,,0.014305556192994118,,0.36884990334510803,,,,22,,,,
,,,,0.016399571672081947,,0.30548611283302307,,0.013283898122608662,,0.3247222304344177,,,,23,,,,
,,,,0.007403846830129623,,0.22128206491470337,,0.007313609588891268,,0.25102564692497253,,,,24,,,,
,,,,0.0013636363437399268,,0.06666666269302368,,0.00028985505923628807,,0.13166667520999908,,,,25,,,,
,,,,0.002304761903360486,,0.2014285773038864,,0.008629148826003075,,0.2539682388305664,,,,26,,,,
,,,,0.027638887986540794,,0.4402777850627899,,0.01067796628922224,,0.3756944537162781,,,,27,,,,
,,,,0.002500000176951289,,0.11571428179740906,,0.01409090869128704,,0.320000022649765,,,,28,,,,
,,,,0.020339343696832657,,0.4443478286266327,,0.029404187574982643,,0.4469565153121948,,,,29,,,,
,,,,0.017500000074505806,,0.4258333444595337,,0.009246032685041428,,0.37916669249534607,,,,30,,,,
,,,,0.007500000298023224,,0.24064171314239502,,0.002709447406232357,,0.20755793154239655,,,,31,,,,
,,,,0.0016666665906086564,,0.10642857849597931,,0.003736263606697321,,0.15595237910747528,,,,32,,,,
,,,,0.01780051179230213,,0.28593581914901733,,0.021845374256372452,,0.44973260164260864,,,,33,,,,
,,,,0.0004347825888544321,,0.09291666746139526,,0.004076923243701458,,0.17374999821186066,,,,34,,,,
,,,,0.012173913419246674,,0.2476811707019806,,0.011475409381091595,,0.3478260934352875,,,,35,,,,
,,,,0.021509435027837753,,0.27714285254478455,,0.008955223485827446,,0.2671428620815277,,,,36,,,,
,,,,0.011428571306169033,,0.3273611068725586,,0.006935483776032925,,0.2954166531562805,,,,37,,,,
,,,,0.0015384615398943424,,0.16682541370391846,,0.0031904764473438263,,0.1741269826889038,,,,38,,,,
,,,,0.003771929768845439,,0.30814817547798157,,0.005933806300163269,,0.3840740919113159,,,,39,,,,
1,0.062199994921684265,0.06520000100135803,0.0804000049829483,,0.2468000054359436,,0.09199999272823334,,0.2717999815940857,,,,,987,,,,
1,,,,,,,,,,,0.30792608857154846,0.005023160949349403,2.18095064163208,987,4.354877948760986,,4.31023645401001,
2,,,,,,,,,,,,,,999,,4.191527366638184,,4.157253265380859
2,,,,,,,,,,,,,,1049,,4.247501373291016,,4.184749603271484
2,,,,,,,,,,,,,,1099,,4.073539733886719,,4.0401763916015625
2,,,,,,,,,,,,,,1149,,4.168352127075195,,4.103515625
2,,,,,,,,,,,,,,1199,,4.098282337188721,,4.046333312988281
2,,,,,,,,,,,,,,1249,,4.159768104553223,,4.098116874694824
2,,,,,,,,,,,,,,1299,,4.062217712402344,,4.028911590576172
2,,,,,,,,,,,,,,1349,,4.1546220779418945,,4.102014541625977
2,,,,,,,,,,,,,,1399,,4.031411170959473,,3.994915008544922
2,,,,,,,,,,,,,,1449,,4.045849800109863,,4.031805992126465
,,,,0.010000000707805157,,0.2133333534002304,,0.01370892021805048,,0.3733333349227905,,,,40,,,,
,,,,0.011179487220942974,,0.2726767659187317,,0.012501129880547523,,0.30828285217285156,,,,41,,,,
,,,,0.014440544880926609,,0.3861793279647827,,0.015787702053785324,,0.38148149847984314,,,,42,,,,
,,,,0.011153273284435272,,0.32180553674697876,,0.009345239028334618,,0.3386111259460449,,,,43,,,,
,,,,0.012282051146030426,,0.3507692217826843,,0.012989012524485588,,0.3394016921520233,,,,44,,,,
,,,,0.003999999724328518,,0.19296295940876007,,0.0002469135797582567,,0.13555556535720825,,,,45,,,,
,,,,0.0075132278725504875,,0.27317461371421814,,0.009170068427920341,,0.2680952548980713,,,,46,,,,
,,,,0.020188678056001663,,0.4191666841506958,,0.010591787286102772,,0.3559722304344177,,,,47,,,,
,,,,0.013166666962206364,,0.28714287281036377,,0.01724637672305107,,0.462857186794281,,,,48,,,,
,,,,0.04147448018193245,,0.5504348278045654,,0.03072463721036911,,0.5323188900947571,,,,49,,,,
,,,,0.0071929823607206345,,0.2904166579246521,,0.015362903475761414,,0.3695833384990692,,,,50,,,,
,,,,0.009696969762444496,,0.24395722150802612,,0.003266253974288702,,0.22265596687793732,,,,51,,,,
,,,,0.0027891157660633326,,0.17428570985794067,,0.004326530732214451,,0.1971428543329239,,,,52,,,,
,,,,0.016005834564566612,,0.28688058257102966,,0.017505506053566933,,0.36301249265670776,,,,53,,,,
,,,,0.003771186573430896,,0.17249998450279236,,0.005955882836133242,,0.25083333253860474,,,,54,,,,
,,,,0.011578947305679321,,0.3528985381126404,,0.014492753893136978,,0.401159405708313,,,,55,,,,
,,,,0.004333333112299442,,0.28714287281036377,,0.012328767217695713,,0.31714287400245667,,,,56,,,,
,,,,0.01772988587617874,,0.4280555546283722,,0.009823232889175415,,0.3618055582046509,,,,57,,,,
,,,,0.01714285835623741,,0.3831745982170105,,0.006679035257548094,,0.3028571605682373,,,,58,,,,
,,,,0.005984848365187645,,0.3633333146572113,,0.0035256410483270884,,0.43222224712371826,,,,59,,,,
2,0.0828000009059906,0.09299999475479126,0.11740000545978546,,0.3176000118255615,,0.12139999866485596,,0.3240000009536743,,,,,1481,,,,
2,,,,,,,,,,,0.2638518810272217,0.004341155290603638,1.6868990659713745,1481,4.125930309295654,,4.0737833976745605,
3,,,,,,,,,,,,,,1499,,3.9730043411254883,,3.902914047241211
3,,,,,,,,,,,,,,1549,,4.032083511352539,,3.991884231567383
3,,,,,,,,,,,,,,1599,,3.8968124389648438,,3.8678665161132812
3,,,,,,,,,,,,,,1649,,3.9952945709228516,,3.924557685852051
3,,,,,,,,,,,,,,1699,,3.935357093811035,,3.8919076919555664
3,,,,,,,,,,,,,,1749,,3.909820556640625,,3.8411941528320312
3,,,,,,,,,,,,,,1799,,4.117069244384766,,3.9384193420410156
3,,,,,,,,,,,,,,1849,,3.8968048095703125,,3.8943862915039062
3,,,,,,,,,,,,,,1899,,3.8123655319213867,,3.85060977935791
3,,,,,,,,,,,,,,1949,,3.9356160163879395,,3.8379344940185547
,,,,0.00800000037997961,,0.38999998569488525,,0.016041666269302368,,0.41333332657814026,,,,60,,,,
,,,,0.008349650539457798,,0.2580808103084564,,0.01583549752831459,,0.41237372159957886,,,,61,,,,
,,,,0.009971224702894688,,0.35633528232574463,,0.014772962778806686,,0.4346393644809723,,,,62,,,,
,,,,0.01356557384133339,,0.324097216129303,,0.01723651960492134,,0.42770832777023315,,,,63,,,,
,,,,0.02153846248984337,,0.412393182516098,,0.016796628013253212,,0.37581199407577515,,,,64,,,,
,,,,0.002769230864942074,,0.17092591524124146,,0.001577503513544798,,0.1527777761220932,,,,65,,,,
,,,,0.006046175956726074,,0.31936508417129517,,0.010615873150527477,,0.369523823261261,,,,66,,,,
,,,,0.016095679253339767,,0.40513890981674194,,0.01287439651787281,,0.49138885736465454,,,,67,,,,
,,,,0.017301587387919426,,0.4471428692340851,,0.021351352334022522,,0.5057142972946167,,,,68,,,,
,,,,0.02714407444000244,,0.5353623032569885,,0.02790890447795391,,0.5471014380455017,,,,69,,,,
,,,,0.019363636150956154,,0.4520833492279053,,0.012397260405123234,,0.4516666829586029,,,,70,,,,
,,,,0.008272059261798859,,0.3635650873184204,,0.00795399583876133,,0.30406418442726135,,,,71,,,,
,,,,0.003809523768723011,,0.18333333730697632,,0.002949907211586833,,0.19904762506484985,,,,72,,,,
,,,,0.017774295061826706,,0.3586452901363373,,0.015224242582917213,,0.38607844710350037,,,,73,,,,
,,,,0.005289855413138866,,0.16375000774860382,,0.005194805096834898,,0.2683333456516266,,,,74,,,,
,,,,0.016428571194410324,,0.4117391109466553,,0.01645161211490631,,0.4072463810443878,,,,75,,,,
,,,,0.018666667863726616,,0.3085714280605316,,0.012702703475952148,,0.3442857265472412,,,,76,,,,
,,,,0.026545139029622078,,0.4791666865348816,,0.007669081911444664,,0.41972219944000244,,,,77,,,,
,,,,0.014787879772484303,,0.3534920811653137,,0.008975864388048649,,0.32428571581840515,,,,78,,,,
,,,,0.011111111380159855,,0.48629629611968994,,0.005403050221502781,,0.3700000047683716,,,,79,,,,
3,0.09699999541044235,0.10180000215768814,0.13740000128746033,,0.36320000886917114,,0.14579999446868896,,0.3702000081539154,,,,,1975,,,,
3,,,,,,,,,,,0.23069703578948975,0.0038628142792731524,1.465683937072754,1975,3.9053282737731934,,3.869568347930908,
4,,,,,,,,,,,,,,1999,,3.8153107166290283,,3.801142454147339
4,,,,,,,,,,,,,,2049,,3.6985511779785156,,3.6613950729370117
4,,,,,,,,,,,,,,2099,,3.7945799827575684,,3.7706727981567383
4,,,,,,,,,,,,,,2149,,3.809630870819092,,3.7900302410125732
4,,,,,,,,,,,,,,2199,,3.6110754013061523,,3.607182025909424
4,,,,,,,,,,,,,,2249,,3.6992297172546387,,3.664243698120117
4,,,,,,,,,,,,,,2299,,3.60910701751709,,3.5495104789733887
4,,,,,,,,,,,,,,2349,,3.6386404037475586,,3.6620590686798096
4,,,,,,,,,,,,,,2399,,3.6796226501464844,,3.667609214782715
4,,,,,,,,,,,,,,2449,,3.6983933448791504,,3.5940327644348145
,,,,0.005625000223517418,,0.3444444537162781,,0.00712328776717186,,0.3700000047683716,,,,80,,,,
,,,,0.024912280961871147,,0.48151516914367676,,0.01981634646654129,,0.4294949769973755,,,,81,,,,
,,,,0.03098997473716736,,0.5718908309936523,,0.01940980739891529,,0.4960038661956787,,,,82,,,,
,,,,0.014071037992835045,,0.4102083444595337,,0.014696428552269936,,0.4099305272102356,,,,83,,,,
,,,,0.014282051473855972,,0.3620512783527374,,0.013501932844519615,,0.33880341053009033,,,,84,,,,
,,,,0.0031884056515991688,,0.18000000715255737,,0.0015789472963660955,,0.16722223162651062,,,,85,,,,
,,,,0.013563217595219612,,0.387460321187973,,0.01010060403496027,,0.359682559967041,,,,86,,,,
,,,,0.01647222228348255,,0.4186111092567444,,0.02018817327916622,,0.44958335161209106,,,,87,,,,
,,,,0.020447760820388794,,0.5299999713897705,,0.026901407167315483,,0.5314285755157471,,,,88,,,,
,,,,0.03037375956773758,,0.5486956834793091,,0.03199705481529236,,0.555362343788147,,,,89,,,,
,,,,0.021693548187613487,,0.46916666626930237,,0.01878787949681282,,0.47833332419395447,,,,90,,,,
,,,,0.006107954308390617,,0.3028520345687866,,0.009230541065335274,,0.35545453429222107,,,,91,,,,
,,,,0.0054244305938482285,,0.26357144117355347,,0.0047857146710157394,,0.22904762625694275,,,,92,,,,
,,,,0.019970674067735672,,0.4918716549873352,,0.0157160647213459,,0.46926915645599365,,,,93,,,,
,,,,0.0062109376303851604,,0.2529166638851166,,0.008664383552968502,,0.2683333456516266,,,,94,,,,
,,,,0.019999999552965164,,0.4105796813964844,,0.01606060564517975,,0.4095652103424072,,,,95,,,,
,,,,0.018437501043081284,,0.3257142901420593,,0.014166666194796562,,0.35428571701049805,,,,96,,,,
,,,,0.020223213359713554,,0.5012500286102295,,0.011547618545591831,,0.4786111116409302,,,,97,,,,
,,,,0.009765684604644775,,0.30523809790611267,,0.012313883751630783,,0.408730149269104,,,,98,,,,
,,,,0.006799999624490738,,0.3037037253379822,,0.004360586870461702,,0.3466666638851166,,,,99,,,,
4,0.11999999731779099,0.11959999799728394,0.1597999930381775,,0.4016000032424927,,0.16060000658035278,,0.3906000256538391,,,,,2469,,,,
4,,,,,,,,,,,0.20746304094791412,0.0035600517876446247,1.3197747468948364,2469,3.720566511154175,,3.6863696575164795,
5,,,,,,,,,,,,,,2499,,3.643167018890381,,3.5207672119140625
5,,,,,,,,,,,,,,2549,,3.696168899536133,,3.6459908485412598
5,,,,,,,,,,,,,,2599,,3.5306396484375,,3.478501319885254
5,,,,,,,,,,,,,,2649,,3.547759771347046,,3.551240921020508
5,,,,,,,,,,,,,,2699,,3.6331772804260254,,3.6325693130493164
5,,,,,,,,,,,,,,2749,,3.7044997215270996,,3.663796901702881
5,,,,,,,,,,,,,,2799,,3.476677656173706,,3.4962759017944336
5,,,,,,,,,,,,,,2849,,3.575186252593994,,3.5685739517211914
5,,,,,,,,,,,,,,2899,,3.5490362644195557,,3.5783395767211914
5,,,,,,,,,,,,,,2949,,3.493563175201416,,3.4512453079223633
,,,,0.018358973786234856,,0.46444445848464966,,0.020277777686715126,,0.5011110901832581,,,,100,,,,
,,,,0.02404662035405636,,0.5207575559616089,,0.018791763111948967,,0.46641412377357483,,,,101,,,,
,,,,0.017522267997264862,,0.4559064209461212,,0.014326704666018486,,0.4560818672180176,,,,102,,,,
,,,,0.017536764964461327,,0.46409720182418823,,0.012174657545983791,,0.4233333468437195,,,,103,,,,
,,,,0.01836492121219635,,0.44324785470962524,,0.019487179815769196,,0.47059834003448486,,,,104,,,,
,,,,0.008648648858070374,,0.2988888919353485,,0.006696696858853102,,0.27222222089767456,,,,105,,,,
,,,,0.008771929889917374,,0.37936508655548096,,0.01236734725534916,,0.44380950927734375,,,,106,,,,
,,,,0.012552083469927311,,0.3983333110809326,,0.011049783788621426,,0.41555553674697876,,,,107,,,,
,,,,0.027812501415610313,,0.5071428418159485,,0.03164178878068924,,0.5371428728103638,,,,108,,,,
,,,,0.03818459063768387,,0.5501449108123779,,0.038806188851594925,,0.5786956548690796,,,,109,,,,
,,,,0.0210447758436203,,0.5183333158493042,,0.019963767379522324,,0.5083333253860474,,,,110,,,,
,,,,0.01146390475332737,,0.4400356411933899,,0.008289523422718048,,0.39160430431365967,,,,111,,,,
,,,,0.01006036251783371,,0.2849999964237213,,0.009186508134007454,,0.28761905431747437,,,,112,,,,
,,,,0.01972092315554619,,0.45221030712127686,,0.02139037474989891,,0.44221031665802,,,,113,,,,
,,,,0.010445205494761467,,0.3141666650772095,,0.011883117258548737,,0.382916659116745,,,,114,,,,
,,,,0.019130434840917587,,0.4595652222633362,,0.018108107149600983,,0.49623191356658936,,,,115,,,,
,,,,0.025970149785280228,,0.35428571701049805,,0.014545454643666744,,0.3742856979370117,,,,116,,,,
,,,,0.01847953349351883,,0.5054166316986084,,0.010786385275423527,,0.5252777338027954,,,,117,,,,
,,,,0.01822660118341446,,0.4938095211982727,,0.014712153933942318,,0.4000000059604645,,,,118,,,,
,,,,0.012946860864758492,,0.46851852536201477,,0.010231481865048409,,0.4640740752220154,,,,119,,,,
5,0.14160001277923584,0.13940000534057617,0.19780001044273376,,0.4472000002861023,,0.18799999356269836,,0.44300001859664917,,,,,2963,,,,
5,,,,,,,,,,,0.1908082515001297,0.0036611880641430616,1.1991159915924072,2963,3.56500244140625,,3.5361080169677734,
6,,,,,,,,,,,,,,2999,,3.486668109893799,,3.452512741088867
6,,,,,,,,,,,,,,3049,,3.488219976425171,,3.4883804321289062
6,,,,,,,,,,,,,,3099,,3.4990859031677246,,3.464137077331543
6,,,,,,,,,,,,,,3149,,3.570333480834961,,3.5473618507385254
6,,,,,,,,,,,,,,3199,,3.5121936798095703,,3.4961020946502686
6,,,,,,,,,,,,,,3249,,3.5671348571777344,,3.542623996734619
6,,,,,,,,,,,,,,3299,,3.418874740600586,,3.4584522247314453
6,,,,,,,,,,,,,,3349,,3.3519222736358643,,3.3818154335021973
6,,,,,,,,,,,,,,3399,,3.3953444957733154,,3.3733203411102295
6,,,,,,,,,,,,,,3449,,3.2560243606567383,,3.18780517578125
,,,,0.020919539034366608,,0.47777777910232544,,0.020430106669664383,,0.5344444513320923,,,,120,,,,
,,,,0.023385416716337204,,0.44363635778427124,,0.02154461294412613,,0.4675252437591553,,,,121,,,,
,,,,0.02390722557902336,,0.49654969573020935,,0.021777130663394928,,0.5006822943687439,,,,122,,,,
,,,,0.020963113754987717,,0.48576387763023376,,0.017286185175180435,,0.5143055319786072,,,,123,,,,
,,,,0.023771710693836212,,0.5343589782714844,,0.018752392381429672,,0.5270940065383911,,,,124,,,,
,,,,0.010119657963514328,,0.2559259533882141,,0.0067750681191682816,,0.30129629373550415,,,,125,,,,
,,,,0.012743763625621796,,0.4638095200061798,,0.011137565597891808,,0.4677777886390686,,,,126,,,,
,,,,0.02306060492992401,,0.47333329916000366,,0.016388889402151108,,0.43888887763023376,,,,127,,,,
,,,,0.022608695551753044,,0.5228571891784668,,0.019610390067100525,,0.5271428823471069,,,,128,,,,
,,,,0.040180474519729614,,0.6217391490936279,,0.0305329579859972,,0.5965217351913452,,,,129,,,,
,,,,0.03199218586087227,,0.6312499642372131,,0.029062500223517418,,0.59416663646698,,,,130,,,,
,,,,0.0076286764815449715,,0.3737789988517761,,0.009889902547001839,,0.45101606845855713,,,,131,,,,
,,,,0.009339019656181335,,0.3102380931377411,,0.004991394467651844,,0.2964285612106323,,,,132,,,,
,,,,0.03143196552991867,,0.5560961961746216,,0.022601397708058357,,0.4875400960445404,,,,133,,,,
,,,,0.0064583332277834415,,0.3345833420753479,,0.008196203038096428,,0.40583333373069763,,,,134,,,,
,,,,0.022499999031424522,,0.46985507011413574,,0.017832042649388313,,0.46710145473480225,,,,135,,,,
,,,,0.01507246308028698,,0.331428587436676,,0.014430379495024681,,0.35999998450279236,,,,136,,,,
,,,,0.015084746293723583,,0.4630555510520935,,0.014638157561421394,,0.4947221875190735,,,,137,,,,
,,,,0.008329779841005802,,0.35158729553222656,,0.011205936782062054,,0.4222222566604614,,,,138,,,,
,,,,0.007294686045497656,,0.4125925898551941,,0.010946501977741718,,0.45777779817581177,,,,139,,,,
6,0.1371999979019165,0.1509999930858612,0.1955999881029129,,0.4559999704360962,,0.19859999418258667,,0.4684000015258789,,,,,3457,,,,
6,,,,,,,,,,,0.17988397181034088,0.003626138437539339,1.1260477304458618,3457,3.4409496784210205,,3.423408269882202,
7,,,,,,,,,,,,,,3499,,3.4944801330566406,,3.4284300804138184
7,,,,,,,,,,,,,,3549,,3.386296510696411,,3.3050076961517334
7,,,,,,,,,,,,,,3599,,3.389479398727417,,3.363234043121338
7,,,,,,,,,,,,,,3649,,3.310173511505127,,3.2828197479248047
7,,,,,,,,,,,,,,3699,,3.2914512157440186,,3.253960132598877
7,,,,,,,,,,,,,,3749,,3.4533262252807617,,3.3552627563476562
7,,,,,,,,,,,,,,3799,,3.3611996173858643,,3.268721103668213
7,,,,,,,,,,,,,,3849,,3.260371208190918,,3.2118866443634033
7,,,,,,,,,,,,,,3899,,3.4155707359313965,,3.463214874267578
7,,,,,,,,,,,,,,3949,,3.2853617668151855,,3.200592041015625
,,,,0.009945355355739594,,0.3866666555404663,,0.012270531617105007,,0.4677777886390686,,,,140,,,,
,,,,0.02913752757012844,,0.5179798007011414,,0.02470337226986885,,0.47363635897636414,,,,141,,,,
,,,,0.025389399379491806,,0.5216959118843079,,0.023095516487956047,,0.5194151997566223,,,,142,,,,
,,,,0.020298507064580917,,0.5050694346427917,,0.018100649118423462,,0.523194432258606,,,,143,,,,
,,,,0.019700197502970695,,0.508888840675354,,0.019230768084526062,,0.46367523074150085,,,,144,,,,
,,,,0.010846560820937157,,0.3964814841747284,,0.007865496911108494,,0.31333333253860474,,,,145,,,,
,,,,0.017844609916210175,,0.5446032285690308,,0.015510204248130322,,0.48825398087501526,,,,146,,,,
,,,,0.031034482643008232,,0.5559722185134888,,0.01987288147211075,,0.48652777075767517,,,,147,,,,
,,,,0.028749998658895493,,0.4828571379184723,,0.0169014073908329,,0.5042856931686401,,,,148,,,,
,,,,0.025496307760477066,,0.558405876159668,,0.02692846953868866,,0.6026087403297424,,,,149,,,,
,,,,0.026967212557792664,,0.6362500190734863,,0.023224636912345886,,0.5758333206176758,,,,150,,,,
,,,,0.014482008293271065,,0.45839571952819824,,0.014221256598830223,,0.453172892332077,,,,151,,,,
,,,,0.014948240481317043,,0.3811904788017273,,0.007763158064335585,,0.3042857050895691,,,,152,,,,
,,,,0.025073733180761337,,0.4715329706668854,,0.020054209977388382,,0.4563814699649811,,,,153,,,,
,,,,0.009691780433058739,,0.33666667342185974,,0.00984177179634571,,0.39750000834465027,,,,154,,,,
,,,,0.02477523870766163,,0.5340579748153687,,0.02286684885621071,,0.5123188495635986,,,,155,,,,
,,,,0.027936508879065514,,0.37142854928970337,,0.01805194839835167,,0.33571428060531616,,,,156,,,,
,,,,0.021321838721632957,,0.5356944799423218,,0.020619047805666924,,0.5520833134651184,,,,157,,,,
,,,,0.009956710040569305,,0.3315873146057129,,0.009354207664728165,,0.42079365253448486,,,,158,,,,
,,,,0.014829931780695915,,0.5018518567085266,,0.008492063730955124,,0.4592592716217041,,,,159,,,,
7,0.1565999984741211,0.16259999573230743,0.21000000834465027,,0.48100000619888306,,0.2053999900817871,,0.4733999967575073,,,,,3951,,,,
7,,,,,,,,,,,0.171320840716362,0.0036705092061311007,1.084084153175354,3951,3.3423285484313965,,3.3248252868652344,
8,,,,,,,,,,,,,,3999,,3.167623996734619,,3.2024357318878174
8,,,,,,,,,,,,,,4049,,3.411806106567383,,3.416884422302246
8,,,,,,,,,,,,,,4099,,3.4014151096343994,,3.3715996742248535
8,,,,,,,,,,,,,,4149,,3.3323936462402344,,3.3263916969299316
8,,,,,,,,,,,,,,4199,,3.3238954544067383,,3.3095054626464844
8,,,,,,,,,,,,,,4249,,3.1191859245300293,,3.140021800994873
8,,,,,,,,,,,,,,4299,,3.2429678440093994,,3.2148451805114746
8,,,,,,,,,,,,,,4349,,3.2948079109191895,,3.2269229888916016
8,,,,,,,,,,,,,,4399,,3.042356252670288,,2.9940452575683594
,,,,0.017401130869984627,,0.5,,0.02370370365679264,,0.554444432258606,,,,160,,,,
,,,,0.03558867424726486,,0.5970202088356018,,0.029435263946652412,,0.5441918969154358,,,,161,,,,
,,,,0.03630994260311127,,0.6103508472442627,,0.028188759461045265,,0.5868811011314392,,,,162,,,,
,,,,0.025952380150556564,,0.545555591583252,,0.01799578219652176,,0.5302777886390686,,,,163,,,,
,,,,0.026608768850564957,,0.5209401845932007,,0.016403326764702797,,0.44324788451194763,,,,164,,,,
,,,,0.010705467313528061,,0.3668518662452698,,0.007348147686570883,,0.37222224473953247,,,,165,,,,
,,,,0.021756978705525398,,0.5593650341033936,,0.01321261003613472,,0.5055555701255798,,,,166,,,,
,,,,0.030282486230134964,,0.554027795791626,,0.02302238717675209,,0.49027779698371887,,,,167,,,,
,,,,0.02788732387125492,,0.5071428418159485,,0.030675675719976425,,0.5914285778999329,,,,168,,,,
,,,,0.03423341363668442,,0.6047825813293457,,0.03960869461297989,,0.6565217971801758,,,,169,,,,
,,,,0.026397060602903366,,0.5525000095367432,,0.026654928922653198,,0.5812499523162842,,,,170,,,,
,,,,0.009318968281149864,,0.42292335629463196,,0.010914952494204044,,0.4763636291027069,,,,171,,,,
,,,,0.008908730931580067,,0.346190482378006,,0.00851271953433752,,0.31809526681900024,,,,172,,,,
,,,,0.032992925494909286,,0.6524599194526672,,0.0226301122456789,,0.5391265749931335,,,,173,,,,
,,,,0.010316901840269566,,0.30958330631256104,,0.008218750357627869,,0.43666666746139526,,,,174,,,,
,,,,0.02495388686656952,,0.5869565010070801,,0.02031727507710457,,0.5368115901947021,,,,175,,,,
,,,,0.03145161271095276,,0.5,,0.020563378930091858,,0.4628571569919586,,,,176,,,,
,,,,0.025874316692352295,,0.5954166650772095,,0.023532863706350327,,0.555138885974884,,,,177,,,,
,,,,0.009550264105200768,,0.3750793933868408,,0.015438595786690712,,0.483174592256546,,,,178,,,,
,,,,0.007569444365799427,,0.5081481337547302,,0.010839002206921577,,0.5492592453956604,,,,179,,,,
8,0.17260000109672546,0.18740001320838928,0.243599995970726,,0.5182000398635864,,0.2329999953508377,,0.5130000114440918,,,,,4445,,,,
8,,,,,,,,,,,0.16293883323669434,0.003630800871178508,1.0518310070037842,4445,3.2303640842437744,,3.227483034133911,
9,,,,,,,,,,,,,,4449,,3.1035468578338623,,3.0786991119384766
9,,,,,,,,,,,,,,4499,,3.3050742149353027,,3.2416939735412598
9,,,,,,,,,,,,,,4549,,3.082268476486206,,3.0825178623199463
9,,,,,,,,,,,,,,4599,,3.011728286743164,,3.0417346954345703
9,,,,,,,,,,,,,,4649,,3.1492919921875,,3.1911816596984863
9,,,,,,,,,,,,,,4699,,3.1070239543914795,,3.0804390907287598
9,,,,,,,,,,,,,,4749,,3.2217607498168945,,3.1548922061920166
9,,,,,,,,,,,,,,4799,,3.0118284225463867,,3.044801712036133
9,,,,,,,,,,,,,,4849,,3.174111843109131,,3.1278135776519775
9,,,,,,,,,,,,,,4899,,2.922480583190918,,2.9875574111938477
,,,,0.015179486945271492,,0.4633333683013916,,0.02041025646030903,,0.551111102104187,,,,180,,,,
,,,,0.030791785567998886,,0.5423232316970825,,0.02421681582927704,,0.517575740814209,,,,181,,,,
,,,,0.03506030887365341,,0.5870175361633301,,0.031112734228372574,,0.6244834661483765,,,,182,,,,
,,,,0.024321429431438446,,0.5805555582046509,,0.02295774593949318,,0.6061111092567444,,,,183,,,,
,,,,0.027505088597536087,,0.5670940279960632,,0.017562437802553177,,0.4850427210330963,,,,184,,,,
,,,,0.01659829169511795,,0.5299999713897705,,0.008672086521983147,,0.41740739345550537,,,,185,,,,
,,,,0.024552058428525925,,0.5255555510520935,,0.01342342421412468,,0.5253968238830566,,,,186,,,,
,,,,0.03120056539773941,,0.6252777576446533,,0.02717948518693447,,0.5774999856948853,,,,187,,,,
,,,,0.027187500149011612,,0.4628571569919586,,0.02589743584394455,,0.5785714387893677,,,,188,,,,
,,,,0.0442512072622776,,0.6578261256217957,,0.04641897231340408,,0.7126086950302124,,,,189,,,,
,,,,0.03890908882021904,,0.6808333396911621,,0.028405798599123955,,0.6183333396911621,,,,190,,,,
,,,,0.015814850106835365,,0.48773619532585144,,0.013988970778882504,,0.495311975479126,,,,191,,,,
,,,,0.01657142862677574,,0.40785714983940125,,0.01294642873108387,,0.3933333158493042,,,,192,,,,
,,,,0.021550800651311874,,0.5106773376464844,,0.02144385129213333,,0.5371479392051697,,,,193,,,,
,,,,0.010316901840269566,,0.4233333468437195,,0.01209302432835102,,0.47958335280418396,,,,194,,,,
,,,,0.022857142612338066,,0.49782609939575195,,0.02360428497195244,,0.5501449108123779,,,,195,,,,
,,,,0.0252307690680027,,0.5114285945892334,,0.019350649788975716,,0.4000000059604645,,,,196,,,,
,,,,0.022029569372534752,,0.559999942779541,,0.022664319723844528,,0.5762500166893005,,,,197,,,,
,,,,0.014316939748823643,,0.4360317587852478,,0.013003663159906864,,0.4295238256454468,,,,198,,,,
,,,,0.017632851377129555,,0.6200000047683716,,0.010020963847637177,,0.5425925850868225,,,,199,,,,
9,0.18400000035762787,0.18960000574588776,0.25060001015663147,,0.5320000052452087,,0.2468000054359436,,0.5296000242233276,,,,,4939,,,,
9,,,,,,,,,,,0.15667180716991425,0.0036621717736124992,1.0187246799468994,4939,3.1384451389312744,,3.139336585998535,
10,,,,,,,,,,,,,,4949,,3.1350789070129395,,3.1519343852996826
10,,,,,,,,,,,,,,4999,,3.0162360668182373,,3.0690317153930664
10,,,,,,,,,,,,,,5049,,3.030491352081299,,3.0503711700439453
10,,,,,,,,,,,,,,5099,,2.850827693939209,,2.8519210815429688
10,,,,,,,,,,,,,,5149,,3.0433783531188965,,3.043118715286255
10,,,,,,,,,,,,,,5199,,3.064464569091797,,2.989208459854126
10,,,,,,,,,,,,,,5249,,3.002779006958008,,3.0409648418426514
10,,,,,,,,,,,,,,5299,,3.1402907371520996,,3.153158187866211
10,,,,,,,,,,,,,,5349,,3.014298439025879,,3.048788070678711
10,,,,,,,,,,,,,,5399,,3.0655009746551514,,3.034140110015869
,,,,0.02359788492321968,,0.5355556011199951,,0.016862746328115463,,0.44555556774139404,,,,200,,,,
,,,,0.0335221067070961,,0.652373731136322,,0.02972370758652687,,0.5758585929870605,,,,201,,,,
,,,,0.035716649144887924,,0.556822657585144,,0.03506553918123245,,0.6233723163604736,,,,202,,,,
,,,,0.025359850376844406,,0.5494444370269775,,0.023061595857143402,,0.566527783870697,,,,203,,,,
,,,,0.017991453409194946,,0.41632479429244995,,0.018271062523126602,,0.4594017267227173,,,,204,,,,
,,,,0.011529791168868542,,0.3807407319545746,,0.011306306347250938,,0.43481481075286865,,,,205,,,,
,,,,0.027619048953056335,,0.5800000429153442,,0.015180375427007675,,0.5560317635536194,,,,206,,,,
,,,,0.03362994268536568,,0.6076388955116272,,0.03200565278530121,,0.5583332777023315,,,,207,,,,
,,,,0.0348275862634182,,0.550000011920929,,0.02857142873108387,,0.5642856955528259,,,,208,,,,
,,,,0.054765887558460236,,0.6889855265617371,,0.046632274985313416,,0.7223188877105713,,,,209,,,,
,,,,0.038262709975242615,,0.6620833873748779,,0.034180328249931335,,0.6324999928474426,,,,210,,,,
,,,,0.008738106116652489,,0.4106060862541199,,0.00865747220814228,,0.4083244204521179,,,,211,,,,
,,,,0.010641822591423988,,0.33690476417541504,,0.008904109708964825,,0.34142857789993286,,,,212,,,,
,,,,0.026350267231464386,,0.5710338354110718,,0.02705882303416729,,0.569126546382904,,,,213,,,,
,,,,0.013472223654389381,,0.4295833110809326,,0.014433333650231361,,0.48458331823349,,,,214,,,,
,,,,0.022647058591246605,,0.4928985834121704,,0.021393686532974243,,0.5071014165878296,,,,215,,,,
,,,,0.026153845712542534,,0.5342857241630554,,0.026349205523729324,,0.5285714268684387,,,,216,,,,
,,,,0.027177419513463974,,0.5859721899032593,,0.022123288363218307,,0.5566666722297668,,,,217,,,,
,,,,0.015342261642217636,,0.5328571796417236,,0.01596560887992382,,0.5703174471855164,,,,218,,,,
,,,,0.013217592611908913,,0.5981481671333313,,0.008209876716136932,,0.4788888990879059,,,,219,,,,
10,0.19300000369548798,0.19839999079704285,0.2670000195503235,,0.5428000092506409,,0.24899999797344208,,0.5334000587463379,,,,,5433,,,,
10,,,,,,,,,,,0.15095826983451843,0.003672992344945669,0.9980261325836182,5433,3.049954652786255,,3.0601460933685303,
11,,,,,,,,,,,,,,5449,,3.0525455474853516,,3.068026065826416
11,,,,,,,,,,,,,,5499,,3.053596258163452,,3.063864231109619
11,,,,,,,,,,,,,,5549,,3.0088586807250977,,3.076638698577881
11,,,,,,,,,,,,,,5599,,2.8476295471191406,,2.8846347332000732
11,,,,,,,,,,,,,,5649,,2.8808581829071045,,2.9197959899902344
11,,,,,,,,,,,,,,5699,,2.909945487976074,,2.9592843055725098
11,,,,,,,,,,,,,,5749,,2.8895978927612305,,2.876469612121582
11,,,,,,,,,,,,,,5799,,2.9590396881103516,,2.9605789184570312
11,,,,,,,,,,,,,,5849,,2.684636116027832,,2.746824264526367
11,,,,,,,,,,,,,,5899,,2.9646217823028564,,3.0043210983276367
,,,,0.019999999552965164,,0.545555591583252,,0.023225806653499603,,0.5800000429153442,,,,220,,,,
,,,,0.027691621333360672,,0.5662626028060913,,0.026367731392383575,,0.5585353374481201,,,,221,,,,
,,,,0.03569108247756958,,0.6379337310791016,,0.03332316130399704,,0.5921832323074341,,,,222,,,,
,,,,0.03280934318900108,,0.6580555438995361,,0.026277778670191765,,0.65583336353302,,,,223,,,,
,,,,0.03316519409418106,,0.597606897354126,,0.024151738733053207,,0.5320512652397156,,,,224,,,,
,,,,0.02027350291609764,,0.5577777624130249,,0.012982456013560295,,0.44907405972480774,,,,225,,,,
,,,,0.030702177435159683,,0.6171428561210632,,0.020556777715682983,,0.5453968048095703,,,,226,,,,
,,,,0.03310185298323631,,0.5988888740539551,,0.03396198898553848,,0.585277795791626,,,,227,,,,
,,,,0.02651515230536461,,0.5985714197158813,,0.025333333760499954,,0.572857141494751,,,,228,,,,
,,,,0.035049088299274445,,0.7053623199462891,,0.0355050191283226,,0.6769565343856812,,,,229,,,,
,,,,0.05359090864658356,,0.6954166889190674,,0.03999999910593033,,0.6549999713897705,,,,230,,,,
,,,,0.018523424863815308,,0.55778968334198,,0.014132298529148102,,0.5295009016990662,,,,231,,,,
,,,,0.009882583282887936,,0.3928571343421936,,0.010225564241409302,,0.363571435213089,,,,232,,,,
,,,,0.03249526768922806,,0.5693225860595703,,0.0319000668823719,,0.5933690071105957,,,,233,,,,
,,,,0.013784722425043583,,0.46833333373069763,,0.014671052806079388,,0.5254166722297668,,,,234,,,,
,,,,0.020636864006519318,,0.49347826838493347,,0.02289855107665062,,0.5159420371055603,,,,235,,,,
,,,,0.017297297716140747,,0.46714285016059875,,0.02222222276031971,,0.4285714328289032,,,,236,,,,
,,,,0.03151388838887215,,0.6023610830307007,,0.025367647409439087,,0.57833331823349,,,,237,,,,
,,,,0.015665976330637932,,0.48793649673461914,,0.017294686287641525,,0.5173015594482422,,,,238,,,,
,,,,0.019876543432474136,,0.5888888835906982,,0.009702380746603012,,0.5662963390350342,,,,239,,,,
11,0.19840000569820404,0.2118000090122223,0.28179997205734253,,0.5745999813079834,,0.2760000228881836,,0.5571999549865723,,,,,5927,,,,
11,,,,,,,,,,,0.14632169902324677,0.003713437123224139,0.9850342869758606,5927,2.974191188812256,,2.9977760314941406,
12,,,,,,,,,,,,,,5949,,2.951106309890747,,3.0274720191955566
12,,,,,,,,,,,,,,5999,,2.7821078300476074,,2.82517671585083
12,,,,,,,,,,,,,,6049,,3.129563808441162,,3.1128592491149902
12,,,,,,,,,,,,,,6099,,2.9068124294281006,,2.989269256591797
12,,,,,,,,,,,,,,6149,,3.0213661193847656,,3.037095308303833
12,,,,,,,,,,,,,,6199,,2.7476954460144043,,2.856403350830078
12,,,,,,,,,,,,,,6249,,2.9039440155029297,,2.9529359340667725
12,,,,,,,,,,,,,,6299,,2.940530776977539,,3.0199620723724365
12,,,,,,,,,,,,,,6349,,2.8428494930267334,,2.905552387237549
12,,,,,,,,,,,,,,6399,,2.8869733810424805,,2.9797017574310303
,,,,0.021568628028035164,,0.5566666722297668,,0.023229166865348816,,0.54666668176651,,,,240,,,,
,,,,0.03265884518623352,,0.6525252461433411,,0.02852381020784378,,0.5658080577850342,,,,241,,,,
,,,,0.0369415208697319,,0.5751267075538635,,0.0307877529412508,,0.5845614671707153,,,,242,,,,
,,,,0.03991525620222092,,0.7007639408111572,,0.0340467169880867,,0.68666672706604,,,,243,,,,
,,,,0.026562616229057312,,0.5267521739006042,,0.023915454745292664,,0.556495726108551,,,,244,,,,
,,,,0.01790660247206688,,0.5111111402511597,,0.01139223575592041,,0.5068517923355103,,,,245,,,,
,,,,0.029901739209890366,,0.620634913444519,,0.020600130781531334,,0.5573015809059143,,,,246,,,,
,,,,0.023944444954395294,,0.5784721970558167,,0.02319248765707016,,0.5886111259460449,,,,247,,,,
,,,,0.03619047999382019,,0.5885714292526245,,0.027837837114930153,,0.5071429014205933,,,,248,,,,
,,,,0.06460684537887573,,0.7634782791137695,,0.051199398934841156,,0.7459420561790466,,,,249,,,,
,,,,0.041271187365055084,,0.6545833349227905,,0.03696154057979584,,0.6624999642372131,,,,250,,,,
,,,,0.02037687785923481,,0.573279857635498,,0.014497565105557442,,0.5898930430412292,,,,251,,,,
,,,,0.01626373641192913,,0.5059523582458496,,0.010231660678982735,,0.42071428894996643,,,,252,,,,
,,,,0.034153297543525696,,0.6089839935302734,,0.02899770811200142,,0.6052584648132324,,,,253,,,,
,,,,0.022884614765644073,,0.5479166507720947,,0.017060808837413788,,0.5349999666213989,,,,254,,,,
,,,,0.029789619147777557,,0.5513043403625488,,0.029033096507191658,,0.5776811838150024,,,,255,,,,
,,,,0.02373134344816208,,0.5157142877578735,,0.019736841320991516,,0.5442857146263123,,,,256,,,,
,,,,0.02981770783662796,,0.6191666722297668,,0.021833334118127823,,0.5613888502120972,,,,257,,,,
,,,,0.019651241600513458,,0.5095238089561462,,0.014546641148626804,,0.4884127080440521,,,,258,,,,
,,,,0.01726098358631134,,0.6925925612449646,,0.011587301269173622,,0.6303703784942627,,,,259,,,,
12,0.21719999611377716,0.22499999403953552,0.3050000071525574,,0.5958000421524048,,0.28039997816085815,,0.5785999894142151,,,,,6421,,,,
12,,,,,,,,,,,0.1418467015028,0.003673901315778494,0.9777821898460388,6421,2.900092601776123,,2.9361870288848877,
13,,,,,,,,,,,,,,6449,,3.11856746673584,,3.1959874629974365
13,,,,,,,,,,,,,,6499,,2.8989460468292236,,2.9696197509765625
13,,,,,,,,,,,,,,6549,,2.7296667098999023,,2.775667428970337
13,,,,,,,,,,,,,,6599,,2.9301328659057617,,2.9607677459716797
13,,,,,,,,,,,,,,6649,,2.952122449874878,,2.942103624343872
13,,,,,,,,,,,,,,6699,,2.849534273147583,,2.8591456413269043
13,,,,,,,,,,,,,,6749,,2.7865777015686035,,2.8277034759521484
13,,,,,,,,,,,,,,6799,,2.77748966217041,,2.825716972351074
13,,,,,,,,,,,,,,6849,,2.92500376701355,,2.917332649230957
13,,,,,,,,,,,,,,6899,,2.876331090927124,,2.912449836730957
,,,,0.029943503439426422,,0.643333375453949,,0.025333331897854805,,0.6066666841506958,,,,260,,,,
,,,,0.038843825459480286,,0.6513636112213135,,0.028573233634233475,,0.6052525043487549,,,,261,,,,
,,,,0.0413840152323246,,0.6477583050727844,,0.0401918850839138,,0.6438596844673157,,,,262,,,,
,,,,0.029782608151435852,,0.6388888955116272,,0.026912100613117218,,0.6259722709655762,,,,263,,,,
,,,,0.024384986609220505,,0.5906838178634644,,0.02187376655638218,,0.5439316034317017,,,,264,,,,
,,,,0.019398147240281105,,0.4677777886390686,,0.013918128795921803,,0.5427777767181396,,,,265,,,,
,,,,0.022298850119113922,,0.5806349515914917,,0.021176470443606377,,0.6249206066131592,,,,266,,,,
,,,,0.03757183998823166,,0.6836111545562744,,0.03363889083266258,,0.6469444036483765,,,,267,,,,
,,,,0.03984615206718445,,0.6885714530944824,,0.02909090928733349,,0.6485714316368103,,,,268,,,,
,,,,0.06441880762577057,,0.8040579557418823,,0.057310789823532104,,0.7873913049697876,,,,269,,,,
,,,,0.039250001311302185,,0.6958333253860474,,0.033639706671237946,,0.6520833373069763,,,,270,,,,
,,,,0.01771371066570282,,0.5528342723846436,,0.016520189121365547,,0.6062923669815063,,,,271,,,,
,,,,0.011737452819943428,,0.364047646522522,,0.012193877249956131,,0.41333332657814026,,,,272,,,,
,,,,0.04241711273789406,,0.701657772064209,,0.03722897171974182,,0.6623172760009766,,,,273,,,,
,,,,0.019178571179509163,,0.5850000381469727,,0.017105262726545334,,0.5433333516120911,,,,274,,,,
,,,,0.03277699649333954,,0.6350724697113037,,0.02663043513894081,,0.6299999952316284,,,,275,,,,
,,,,0.031060606241226196,,0.5928571224212646,,0.029014084488153458,,0.654285728931427,,,,276,,,,
,,,,0.028360653668642044,,0.605972170829773,,0.02518264763057232,,0.5930554866790771,,,,277,,,,
,,,,0.021711308509111404,,0.5830158591270447,,0.020523138344287872,,0.5331746339797974,,,,278,,,,
,,,,0.01904040388762951,,0.6248148083686829,,0.0158730149269104,,0.5400000214576721,,,,279,,,,
13,0.2322000116109848,0.2361999899148941,0.31859999895095825,,0.6177999973297119,,0.30159997940063477,,0.5991999506950378,,,,,6915,,,,
13,,,,,,,,,,,0.13907139003276825,0.0037017534486949444,0.9587491154670715,6915,2.83836030960083,,2.8834664821624756,
14,,,,,,,,,,,,,,6949,,2.9586892127990723,,2.9539794921875
14,,,,,,,,,,,,,,6999,,3.018264055252075,,3.0345265865325928
14,,,,,,,,,,,,,,7049,,2.867821216583252,,2.9122891426086426
14,,,,,,,,,,,,,,7099,,2.7718780040740967,,2.7850189208984375
14,,,,,,,,,,,,,,7149,,2.7794981002807617,,2.8719239234924316
14,,,,,,,,,,,,,,7199,,2.798739433288574,,2.9037327766418457
14,,,,,,,,,,,,,,7249,,2.8233561515808105,,2.93929386138916
14,,,,,,,,,,,,,,7299,,2.692502498626709,,2.6724414825439453
14,,,,,,,,,,,,,,7349,,2.842465877532959,,2.9059300422668457
14,,,,,,,,,,,,,,7399,,2.7529749870300293,,2.8197848796844482
,,,,0.01838095299899578,,0.5466666221618652,,0.022256411612033844,,0.596666693687439,,,,280,,,,
,,,,0.03481729328632355,,0.6691919565200806,,0.027899544686079025,,0.587020218372345,,,,281,,,,
,,,,0.032663650810718536,,0.6202144622802734,,0.0358915813267231,,0.6429434418678284,,,,282,,,,
,,,,0.033173076808452606,,0.6700694561004639,,0.023656103760004044,,0.6199305057525635,,,,283,,,,
,,,,0.0260661281645298,,0.5428205132484436,,0.027820512652397156,,0.5283761024475098,,,,284,,,,
,,,,0.021774692460894585,,0.5724073648452759,,0.014926373027265072,,0.537407398223877,,,,285,,,,
,,,,0.0280439555644989,,0.6514285802841187,,0.027142859995365143,,0.6530158519744873,,,,286,,,,
,,,,0.04110606014728546,,0.6873611211776733,,0.03440678119659424,,0.6597222089767456,,,,287,,,,
,,,,0.0396825447678566,,0.5842857360839844,,0.034202899783849716,,0.6699999570846558,,,,288,,,,
,,,,0.05525553226470947,,0.7702898979187012,,0.0566590391099453,,0.7628985643386841,,,,289,,,,
,,,,0.04351694881916046,,0.7350000143051147,,0.03350000083446503,,0.6808333396911621,,,,290,,,,
,,,,0.023310989141464233,,0.5980570316314697,,0.015014853328466415,,0.5344563126564026,,,,291,,,,
,,,,0.022021977230906487,,0.5459523797035217,,0.013899614103138447,,0.4833333492279053,,,,292,,,,
,,,,0.04019758850336075,,0.670998215675354,,0.028713606297969818,,0.6425133943557739,,,,293,,,,
,,,,0.017951389774680138,,0.5633333325386047,,0.019763514399528503,,0.5199999809265137,,,,294,,,,
,,,,0.029527951031923294,,0.653333306312561,,0.02845410630106926,,0.6024637818336487,,,,295,,,,
,,,,0.028208956122398376,,0.4942857027053833,,0.029436621814966202,,0.545714259147644,,,,296,,,,
,,,,0.031388889998197556,,0.6293056011199951,,0.026448717340826988,,0.6194444894790649,,,,297,,,,
,,,,0.02715686336159706,,0.6036508083343506,,0.01638837344944477,,0.5379365086555481,,,,298,,,,
,,,,0.013703703880310059,,0.6314815282821655,,0.01264150906354189,,0.6355555653572083,,,,299,,,,
14,0.23600000143051147,0.2541999816894531,0.3296000063419342,,0.6290000081062317,,0.30559998750686646,,0.6092000007629395,,,,,7409,,,,
14,,,,,,,,,,,0.13519567251205444,0.0036702891811728477,0.953509509563446,7409,2.777618169784546,,2.8314337730407715,
15,,,,,,,,,,,,,,7449,,2.7192749977111816,,2.738034725189209
15,,,,,,,,,,,,,,7499,,2.573599100112915,,2.560730218887329
15,,,,,,,,,,,,,,7549,,2.6641945838928223,,2.753101110458374
15,,,,,,,,,,,,,,7599,,2.807455062866211,,2.8520994186401367
15,,,,,,,,,,,,,,7649,,2.7060837745666504,,2.759045362472534
15,,,,,,,,,,,,,,7699,,2.8533263206481934,,2.917027235031128
15,,,,,,,,,,,,,,7749,,2.7953107357025146,,2.7999329566955566
15,,,,,,,,,,,,,,7799,,2.7811689376831055,,2.8500473499298096
15,,,,,,,,,,,,,,7849,,2.8904647827148438,,2.9334447383880615
15,,,,,,,,,,,,,,7899,,2.781996965408325,,2.8992228507995605
,,,,0.023728813976049423,,0.5799999833106995,,0.022999998182058334,,0.5555555820465088,,,,300,,,,
,,,,0.03484351560473442,,0.5798989534378052,,0.031505972146987915,,0.5732322931289673,,,,301,,,,
,,,,0.034877192229032516,,0.626764178276062,,0.03381836786866188,,0.6528655290603638,,,,302,,,,
,,,,0.037018679082393646,,0.6979861259460449,,0.03166666626930237,,0.6730555295944214,,,,303,,,,
,,,,0.03296474367380142,,0.5767521858215332,,0.032027244567871094,,0.5742735266685486,,,,304,,,,
,,,,0.021076921373605728,,0.5635185241699219,,0.01740219071507454,,0.5220370292663574,,,,305,,,,
,,,,0.029830509796738625,,0.5534920692443848,,0.025545313954353333,,0.5733333230018616,,,,306,,,,
,,,,0.04511217772960663,,0.7086111307144165,,0.03916666656732559,,0.6551389098167419,,,,307,,,,
,,,,0.02830769121646881,,0.6299999952316284,,0.029315069317817688,,0.618571400642395,,,,308,,,,
,,,,0.05384863168001175,,0.8034783005714417,,0.049159418791532516,,0.7501449584960938,,,,309,,,,
,,,,0.052824072539806366,,0.7554166316986084,,0.04025424271821976,,0.7245832681655884,,,,310,,,,
,,,,0.020668011158704758,,0.5880749225616455,,0.022206109017133713,,0.6355080604553223,,,,311,,,,
,,,,0.013670329935848713,,0.4033333361148834,,0.014864865690469742,,0.43261903524398804,,,,312,,,,
,,,,0.03483600914478302,,0.5972727537155151,,0.032799132168293,,0.6292334794998169,,,,313,,,,
,,,,0.018939394503831863,,0.5416666865348816,,0.015352563932538033,,0.476666659116745,,,,314,,,,
,,,,0.03333333134651184,,0.5656521320343018,,0.03151839226484299,,0.6071014404296875,,,,315,,,,
,,,,0.025161290541291237,,0.4771428406238556,,0.024666666984558105,,0.485714316368103,,,,316,,,,
,,,,0.03094262257218361,,0.6026389598846436,,0.029465174302458763,,0.6065278053283691,,,,317,,,,
,,,,0.0236098300665617,,0.5930159091949463,,0.016230717301368713,,0.5158730149269104,,,,318,,,,
,,,,0.020413435995578766,,0.7140740156173706,,0.013006536290049553,,0.6385185718536377,,,,319,,,,
15,0.2337999939918518,0.2369999885559082,0.31800001859664917,,0.6089999675750732,,0.3041999936103821,,0.5964000225067139,,,,,7903,,,,
15,,,,,,,,,,,0.1319112628698349,0.0037776720710098743,0.9403407573699951,7903,2.7239441871643066,,2.7848377227783203,
16,,,,,,,,,,,,,,7949,,2.6182327270507812,,2.704829454421997
16,,,,,,,,,,,,,,7999,,2.7918195724487305,,2.8830699920654297
16,,,,,,,,,,,,,,8049,,2.6069703102111816,,2.7383623123168945
16,,,,,,,,,,,,,,8099,,2.7215065956115723,,2.7813971042633057
16,,,,,,,,,,,,,,8149,,2.755479097366333,,2.790860414505005
16,,,,,,,,,,,,,,8199,,2.611631393432617,,2.7556612491607666
16,,,,,,,,,,,,,,8249,,2.6675052642822266,,2.775859832763672
16,,,,,,,,,,,,,,8299,,2.5237209796905518,,2.570634126663208
16,,,,,,,,,,,,,,8349,,2.748116970062256,,2.8009259700775146
,,,,0.02544444613158703,,0.6000000238418579,,0.030804596841335297,,0.5955555438995361,,,,320,,,,
,,,,0.033878788352012634,,0.663737416267395,,0.03154589608311653,,0.6043434143066406,,,,321,,,,
,,,,0.04188918694853783,,0.6664522290229797,,0.044839419424533844,,0.6808382272720337,,,,322,,,,
,,,,0.039824217557907104,,0.7131944894790649,,0.035741422325372696,,0.7042361497879028,,,,323,,,,
,,,,0.03077700175344944,,0.5923076868057251,,0.02565547078847885,,0.55675208568573,,,,324,,,,
,,,,0.02296825498342514,,0.5837036371231079,,0.01911976933479309,,0.5483332872390747,,,,325,,,,
,,,,0.027081413194537163,,0.648888885974884,,0.02435164898633957,,0.6530158519744873,,,,326,,,,
,,,,0.04940476268529892,,0.71916663646698,,0.04101190343499184,,0.6924999952316284,,,,327,,,,
,,,,0.041492536664009094,,0.6742857098579407,,0.036849312484264374,,0.6614285707473755,,,,328,,,,
,,,,0.06464314460754395,,0.8640580177307129,,0.05576489493250847,,0.8343478441238403,,,,329,,,,
,,,,0.043293651193380356,,0.7824999690055847,,0.03238806128501892,,0.7066666483879089,,,,330,,,,
,,,,0.029473131522536278,,0.580534815788269,,0.021186497062444687,,0.6071479320526123,,,,331,,,,
,,,,0.012702703475952148,,0.46714285016059875,,0.012247386388480663,,0.44261905550956726,,,,332,,,,
,,,,0.039029207080602646,,0.6974866390228271,,0.03240327164530754,,0.6525133848190308,,,,333,,,,
,,,,0.024607142433524132,,0.6066666841506958,,0.0154807697981596,,0.48625001311302185,,,,334,,,,
,,,,0.03191816061735153,,0.6455072164535522,,0.030421994626522064,,0.6391304135322571,,,,335,,,,
,,,,0.021408449858427048,,0.5857143402099609,,0.030857142060995102,,0.5357142686843872,,,,336,,,,
,,,,0.03641025722026825,,0.6549999713897705,,0.03166666626930237,,0.6548610925674438,,,,337,,,,
,,,,0.035960063338279724,,0.6866666674613953,,0.024982746690511703,,0.6023809909820557,,,,338,,,,
,,,,0.031731266528367996,,0.7433332800865173,,0.016548464074730873,,0.65666663646698,,,,339,,,,
16,0.25600001215934753,0.25679999589920044,0.35680001974105835,,0.6528000235557556,,0.3227999806404114,,0.628000020980835,,,,,8397,,,,
16,,,,,,,,,,,0.12936823070049286,0.0037428997457027435,0.9400837421417236,8397,2.664579153060913,,2.7372031211853027,
17,,,,,,,,,,,,,,8399,,2.6207942962646484,,2.628909111022949
